Active,Network,Code,Participant,Type,Speciality,Region By EMS,Region BY HRR,County,Population,System,EHR/EMR,Street,City,ZIP,Full Address (concate address),LL1,LL2,Latitude,Longitude,original LL1 from Jenny,"  
Operational
Inbound
Data Feeds","  
Operational
Query/Response
Installations","  
Operational
Portal
Installations","  
Operational
Alerts 
Installations","  
Operational
Direct Email
Installations","  
Operational
Crisis Portal
Installations",,,,,,,,,,,,,,,,,,,,,,
,Abrazo,AB-AHH ,Abrazo Arizona Heart Hosptal ,Hospital,Cardiovascular care,Central,Phoenix,Maricopa,3072149,"MedCath, Inc",,1930 E Thomas Rd,Phoenix,85016,"1930 E Thomas Rd, Phoenix, AZ 85016","N 33° 28' 54.9084"",W 112° 4' 45.696""","33.481228, -112.040064",33.481228,-112.040064,"33°28'52.4""N 112°02'24.2""W",,,,,,,,,,,,,,,,,,,,,,,,,,,,
,Abrazo,AB-AAC,Abrazo Arrowhead Campus ,Hospital,Chest Pain care,Central,Phoenix,Maricopa,3072149,Vanguard Health System,,18701 N 67th Ave,Glendale,85308,"18701 N 67th Ave, Glendale, AZ 85308","N 33° 38' 21.8904"",W 111° 59' 50.6076""","33.655030, -112.200473",33.65503,-112.200473,"33°39'18.1""N 112°12'01.7""W",,,,,,,,,,,,,,,,,,,,,,,,,,,,
,Abrazo,AB-PBA ,Abrazo Central Campus ,Hospital,Acute care ,Central,Phoenix,Maricopa,3072149,Vanguard Health System,,2000 W Bethany Home Rd,Phoenix,85015,"2000 W Bethany Home Rd, Phoenix, AZ 85015","N 33° 30' 57.8592"",W 112° 3' 51.2136""","33.524990, -112.102232",33.52499,-112.102232,"33°31'30.0""N 112°06'08.0""W",,,,,,,,,,,,,,,,,,,,,,,,,,,,
Y,Abrazo,AB-CCHN,Abrazo Community Health Network,Community Health Network,Administrative,Central,Phoenix,Maricopa,3072149,Vanguard Health System,Cerner/Athena,8620 N 22nd Ave,Phoenix,85021,"8620 N 22nd Ave, Phoenix, AZ 85021","N 33° 32' 31.4052"",W 112° 16' 28.8228""","33.562872, -112.107150",33.562872,-112.10715,"33°33'46.3""N 112°06'25.7""W",,,,,,,,,,,,,,,,,,,,,,,,,,,,
,Abrazo,AB-AHI,Abrazo Heart Institute,Medical Center,Cardiovascular care,Central,Phoenix,Maricopa,3072149,Vanguard Health System,,2632 N. 20th St,Phoenix,85006,"2632 N. 20th St, Phoenix, AZ 85006","N 33° 27' 57.69"",W 112° 4' 6.2724""","33.477054, -112.039329",33.477054,-112.039329,"33°28'37.4""N 112°02'21.6""W",,,,,,,,,,,,,,,,,,,,,,,,,,,,
,Abrazo,AB-MHH ,Abrazo MaryvaleCampus ,Hospital,Acute care ,Central,Phoenix,Maricopa,3072149,Vanguard Health System,,5102 W Campbell Ave,Phoenix, 85031,"5102 W Campbell Ave, Phoenix, AZ  85031","N 33° 29' 40.1208"",W 112° 4' 47.946""","33.502744, -112.170470",33.502744,-112.17047,"33°30'09.9""N 112°10'13.7""W",,,,,,,,,,,,,,,,,,,,,,,,,,,,
,Abrazo,AB-MG,Abrazo Medical Group,Medical Center,Family Practice Physician,Central,Phoenix,Maricopa,3072149,Vanguard Health System,,6036 N 19th Ave #506,Phoenix,85015,"6036 N 19th Ave #506, Phoenix, AZ 85015","N 33° 31' 29.1756"",W 112° 6' 7.9056""","33.525709, -112.100789",33.525709,-112.100789,"33°31'32.5""N 112°06'02.8""W",,,,,,,,,,,,,,,,,,,,,,,,,,,,
,Abrazo,AB-PVA ,Abrazo Scottsdale Campus ,Hospital,Acute care ,Central,Phoenix,Maricopa,3072149,Vanguard Health System,,3929 E Bell Rd, Phoenix,85032,"3929 E Bell Rd,  Phoenix, AZ 85032","N 33° 36' 33.1272"",W 112° 10' 46.5456""","33.639215, -111.997353",33.639215,-111.997353,"33°38'21.2""N 111°59'50.5""W",,,,,,,,,,,,,,,,,,,,,,,,,,,,
,Abrazo,AB-WVH ,Abrazo West Campus ,Hospital,Acute care ,Central,Phoenix,Maricopa,3072149,Vanguard Health System,,13677 W McDowell Rd,Goodyear,85395,"13677 W McDowell Rd, Goodyear, AZ 85395","N 33° 27' 14.3352"",W 112° 21' 51.57""","33.461615, -112.353306",33.461615,-112.353306,"33°27'41.8""N 112°21'11.9""W",,,,,,,,,,,,,,,,,,,,,,,,,,,,
Y,Arizona Alliance,AA-AHC,Adelante Healthcare,"Federally Qualified Health Center
",Family Practice Physician,Central,Phoenix,Maricopa,3072149,"Community Health Systems, Inc.",NextGen,500 W Thomas Rd #870,Phoenix,85013,"500 W Thomas Rd #870, Phoenix, AZ 85013","N 33° 28' 51.978"",W 112° 2' 22.6176""","33.481548, -112.080813",33.481548,-112.080813,"33°28'53.6""N 112°04'50.9""W",,,,,,,,,,,,,,,,,,,,,,,,,,,,
,,,AHCCCS,Plan,,,,,,,,801 E Jefferson St,Phoenix,85034,"801 E Jefferson St, Phoenix, AZ 85034","N 33° 26' 48.0372"",W 112° 3' 48.33""","33.446677,-112.063425",33.446677,-112.063425,,,,,,,,,,,,,,,,,,,,,,,,,,,,,
,,,Arizona Department of Health Services,Gov't,,,,,,,,150 N 18th Ave, Phoenix,85007,"150 N 18th Ave,  Phoenix, AZ 85007","N 33° 26' 59.9064"",W 112° 5' 56.5224""","33.449974,-112.099034",33.449974,-112.099034,,,,,,,,,,,,,,,,,,,,,,,,,,,,,
,None,NN-AOSH,Arizona Orthopedic Surgical Hospital,Hospital,Specialist Practices,Central,Phoenix,Maricopa,3072149,Other,Other, 2905 W Warner Rd,Chandler,85224," 2905 W Warner Rd, Chandler, AZ 85224","N 33° 17' 50.5932"",W 111° 52' 28.578""","33.334213, -111.890841",33.334213,-111.890841,"33°20'03.2""N 111°53'27.0""W",,,,,,,,,,,,,,,,,,,,,,,,,,,,
,None,NN-APS,Arizona Pain Specialists,Clinic,Specialist Practices,Central,Phoenix,Maricopa,3072149,Other,Aprima, 320 E McDowell Rd  #221,Phoenix,85004," 320 E McDowell Rd  #221, Phoenix, AZ 85004","N 33° 27' 53.784"",W 112° 3' 28.6416""","33.466029, -112.068403",33.466029,-112.068403,"33°27'57.7""N 112°04'06.2""W",,,,,,,,,,,,,,,,,,,,,,,,,,,,
,,,Arizona Poison & Drug Information Center,Provider,,,,,,,,1295 N. Martin Room B308,Tucson,85721,"1295 N. Martin Room B308, Tucson, AZ 85721","N 32° 14' 18.3408"",W 110° 56' 45.1356""","32.238428,-110.945871",32.238428,-110.945871,,,,,,,,,,,,,,,,,,,,,,,,,,,,,
,None,NN-ASJH,Arizona Spine & Joint Hospital,Hospital,Specialist Practices,Central,Mesa,Maricopa,3072149,Other,Other,4620 E Baseline Rd,Mesa,85206,"4620 E Baseline Rd, Mesa, AZ 85206","N 33° 21' 52.8264"",W 112° 4' 25.2984""","33.380464, -111.734629",33.380464,-111.734629,"33°22'49.7""N 111°44'04.7""W",,,,,,,,,,,,,,,,,,,,,,,,,,,,
,,,Arizona Sun Family Medicine,Provider,,,,,,,,633 E Ray Rd # 101, Gilbert,85296,"633 E Ray Rd # 101,  Gilbert, AZ 85296","N 33° 19' 13.3212"",W 111° 46' 32.376""","33.320367,-111.77566",33.320367,-111.77566,,,,,,,,,,,,,,,,,,,,,,,,,,,,,
,None,NN-ACA,Arizona's Children Association,Behavioral Health ,Specialist Practices,Central,Phoenix,Maricopa,3072149,Other,NextGen,711 E Missouri Ave #200,Phoenix,85014,"711 E Missouri Ave #200, Phoenix, AZ 85014","N 33° 30' 10.008"",W 112° 10' 14.4768""","33.516083, -112.064195",33.516083,-112.064195,"33°30'57.9""N 112°03'51.1""W",,,,,,,,,,,,,,,,,,,,,,,,,,,,
Y,None,NN-AHW,Assurance Health & Wellness,Behavioral Health ,Specialist Practices,Central,Phoenix,Maricopa,3072149,Other,NextGen,"1515 E Osborn Rd, Phoenix,",Phoenix,85014,"1515 E Osborn Rd, Phoenix,, Phoenix, AZ 85014","N 33° 28' 54.1056"",W 112° 4' 50.9232""","33.487081, -112.048862",33.487081,-112.048862,"33°29'13.5""N 112°02'55.9""W",,,,,,,,,,,,,,,,,,,,,,,,,,,,
Y,Banner,BHBMC ,Banner Baywood Medical Center ,Hospital,Acute care ,Central,Mesa,Maricopa,3072149,Banner Health,, 6644 E. Baywood Ave,Mesa,85206," 6644 E. Baywood Ave, Mesa, AZ 85206","N 33° 24' 26.0136"",W 110° 49' 34.302""","33.411355, -111.687546",33.411355,-111.687546,"33°24'40.9""N 111°41'15.2""W",,,,,,,,,,,,,,,,,,,,,,,,,,,,
Y,Banner,BHBOSW,Banner Boswell Medical Center ,Hospital,Acute care ,Central,Sun City,Maricopa,3072149,Banner Health,,10401 W Thunderbird Blvd,Sun City,85351,"10401 W Thunderbird Blvd, Sun City, AZ 85351","N 33° 34' 48.2484"",W 111° 53' 6.5148""","33.603074, -112.285345",33.603074,-112.285345,"33°36'11.1""N 112°17'07.2""W",,,,,,,,,,,,,,,,,,,,,,,,,,,,
Y,Banner,BHCGMC,Banner Casa Grande Med Ctr ,Hospital,Acute care ,South,Phoenix,Pinal,179727,Banner Health,Other,1800 E Florence Blvd,Casa Grande,85122,"1800 E Florence Blvd, Casa Grande, AZ 85122","N 32° 52' 50.664"",W 111° 42' 35.082""","32.880741, -111.709752",32.880741,-111.709752,"32°52'50.7""N 111°42'35.1""W",,,,,,,,,,,,,,,,,,,,,,,,,,,,
Y,Banner,BHDWMC,Banner Del Webb Medical Center ,Hospital,Acute care ,Central,Sun City,Maricopa,3072149,Banner Health,,14502 W Meeker Blvd,Sun City,85375,"14502 W Meeker Blvd, Sun City, AZ 85375","N 33° 39' 18.324"",W 112° 12' 5.5656""","33.659886, -112.372705",33.659886,-112.372705,"33°39'35.6""N 112°22'21.7""W",,,,,,,,,,,,,,,,,,,,,,,,,,,,
Y,Banner,BHDMC,Banner Desert Medical Center ,Hospital,Acute care ,Central,Mesa,Maricopa,3072149,Banner Health,,1400 S Dobson Rd,Mesa,85202,"1400 S Dobson Rd, Mesa, AZ 85202","N 33° 23' 2.5692"",W 111° 43' 21.2412""","33.389904, -111.877148",33.389904,-111.877148,"33°23'23.6""N 111°52'37.7""W",,,,,,,,,,,,,,,,,,,,,,,,,,,,
Y,Banner,BHEMC,Banner Estrella Medical Center ,Hospital,Acute care ,Central,Phoenix,Maricopa,3072149,Banner Health,,9201 W. Thomas Rd,Phoenix,85037,"9201 W. Thomas Rd, Phoenix, AZ 85037","N 33° 28' 37.6104"",W 112° 2' 21.6672""","33.478337, -112.257485",33.478337,-112.257485,"33°28'42.0""N 112°15'26.9""W",,,,,,,,,,,,,,,,,,,,,,,,,,,,
Y,Banner,BHGWMC ,Banner Gateway Medical Center ,Hospital,Acute care ,Central,Mesa,Maricopa,3072149,Banner Health,,1900 N Higley Rd,Gilbert,85234,"1900 N Higley Rd, Gilbert, AZ 85234","N 33° 22' 48.9504"",W 111° 44' 4.5852""","33.384093, -111.722547",33.384093,-111.722547,"33°23'02.7""N 111°43'21.2""W",,,,,,,,,,,,,,,,,,,,,,,,,,,,
Y,Banner,BHGFMC,Banner Goldfield Medical Center ,Hospital,Emergency Medicine,Central,Mesa,Pinal,179727,Banner Health,,2050 W Southern Ave,Apache Junction,85120,"2050 W Southern Ave, Apache Junction, AZ 85120","N 33° 23' 30.3612"",W 111° 36' 39.8556""","33.394236, -111.567168",33.394236,-111.567168,"33°23'39.2""N 111°34'01.8""W",,,,,,,,,,,,,,,,,,,,,,,,,,,,
Y,Banner,BHGSMC,Banner Good Samaritan Medical Center ,Hospital,Acute care ,Central,Phoenix,Maricopa,3072149,Banner Health,,1111 E McDowell Rd,Phoenix,85006,"1111 E McDowell Rd, Phoenix, AZ 85006","N 33° 27' 45.2052"",W 112° 21' 7.7364""","33.464620, -112.057842",33.46462,-112.057842,"33°27'52.6""N 112°03'28.2""W",,,,,,,,,,,,,,,,,,,,,,,,,,,,
Y,Banner,BHHH,Banner Heart Hospital ,Hospital,Cardiovascular care,Central,Mesa,Maricopa,3072149,Banner Health,,6750 E Baywood Ave,Mesa,85206,"6750 E Baywood Ave, Mesa, AZ 85206","N 33° 24' 40.8816"",W 111° 41' 14.9712""","33.411410, -111.685793",33.41141,-111.685793,"33°24'41.1""N 111°41'08.8""W",,,,,,,,,,,,,,,,,,,,,,,,,,,,
Y,Banner,BHIMC,Banner Ironwood Medical Center ,Hospital,Acute care ,Central,Mesa,Pinal,179727,Banner Health,,"
37000 N Gantzel Rd",San Tan Valley,85140,"
37000 N Gantzel Rd, San Tan Valley, AZ 85140","N 33°12'52.2"", W 111°33'56.3""","33.214503, -111.565633",33.214503,-111.565633,"33°12'52.2""N 111°33'56.3""W",,,,,,,,,,,,,,,,,,,,,,,,,,,,
Y,Banner,BPMC,Banner Payson Medical Center ,Hospital,Acute care ,North,Phoenix,Gila,51335,"Community Health Systems, Inc.",,807 S Ponderosa S,Payson,85541,"807 S Ponderosa S, Payson, AZ 85541","N 33° 40' 14.502"",W 111° 55' 19.3152""","34.230115, -111.320690",34.230115,-111.32069,"34°13'48.4""N 111°19'14.5""W",,,,,,,,,,,,,,,,,,,,,,,,,,,,
Y,Banner,BHTMC,Banner Thunderbird Medical Center ,Hospital,Acute care ,Central,Phoenix,Maricopa,3072149,Banner Health,,5555 W Thunderbird Rd,Glendale,85306,"5555 W Thunderbird Rd, Glendale, AZ 85306","N 33° 36' 15.336"",W 112° 17' 1.6764""","33.609199, -112.179568",33.609199,-112.179568,"33°36'33.1""N 112°10'46.4""W",,,,,,,,,,,,,,,,,,,,,,,,,,,,
Y,Banner,BUMCT,Banner University Medical Center - Tuscon,Hospital,Acute care ,South,Tucson,Pima,843746,"Community Health Systems, Inc.",Epic,1501 N Campbell Ave,Tucson,85724,"1501 N Campbell Ave, Tucson, AZ 85724","N 32°14'27.7"", W 110°56'46.2""","32.241023, -110.946172",32.241023,-110.946172,"32°14'27.7""N 110°56'46.2""W",,,,,,,,,,,,,,,,,,,,,,,,,,,,
,,,Barnett Dulaney Perkins Eye Center,Provider,,,,,,,,4800 N 22nd St, Phoenix,85016,"4800 N 22nd St,  Phoenix, AZ 85016","N 33° 30' 26.208"",W 112° 2' 5.838""","33.50728,-112.034955",33.50728,-112.034955,,,,,,,,,,,,,,,,,,,,,,,,,,,,,
Y,None,NN-BHG,Bayless Healthcare Group,Clinic,Primary Care,Central,Phoenix,Maricopa,3072149,Other,Credible,9014 South Central Avenue ,Phoenix,85042,"9014 South Central Avenue , Phoenix, AZ 85042","N 33° 20' 2.4756"",W 111° 53' 28.6548""","33.364498, -112.073527",33.364498,-112.073527,"33°21'52.2""N 112°04'24.7""W",,,,,,,,,,,,,,,,,,,,,,,,,,,,
,,,BCBS-AZ,Plan,,,,,,,,8220 N 23rd Ave, Phoenix,85021,"8220 N 23rd Ave,  Phoenix, AZ 85021","N 33° 33' 28.1448"",W 112° 6' 33.6564""","33.557818,-112.109349",33.557818,-112.109349,,,,,,,,,,,,,,,,,,,,,,,,,,,,,
y,None,NN-BH,Benson Hospital,Hospital,Acute care ,South,Tucson,Cochise,117755,Other,HMS,450 S Ocotillo Ave,Benson,85602,"450 S Ocotillo Ave, Benson, AZ 85602","N 31° 57' 51.678"",W 110° 18' 25.7868""","31.965023, -110.308125",31.965023,-110.308125,"31°57'54.1""N 110°18'29.2""W",,,,,,,,,,,,,,,,,,,,,,,,,,,,
,,,BHINAz,HIE,,,,,,,,4745 North 7th Street,Phoenix,85014,"4745 North 7th Street, Phoenix, AZ 85014","N 33° 30' 25.3116"",W 112° 3' 50.5656""","33.507031,-112.064046",33.507031,-112.064046,,,,,,,,,,,,,,,,,,,,,,,,,,,,,
,,,Bridgeway,Plan,,,,,,,,1501 W Fountainhead Pkwy # 201, Tempe,85282,"1501 W Fountainhead Pkwy # 201,  Tempe, AZ 85282","N 33° 24' 10.6704"",W 111° 57' 46.6632""","33.402964,-111.962962",33.402964,-111.962962,,,,,,,,,,,,,,,,,,,,,,,,,,,,,
,None,NN-CTCA,Cancer Treatment Centers of America ,Hospital,Cancer care ,Central,Phoenix,Maricopa,3072149,Other,Other,14200 Celebrate Life Way,Goodyear,85338,"14200 Celebrate Life Way, Goodyear, AZ 85338","N 33° 27' 16.146"",W 112° 2' 32.4816""","33.453780, -112.364304",33.45378,-112.364304,"33°27'13.6""N 112°21'51.5""W",,,,,,,,,,,,,,,,,,,,,,,,,,,,
,None,NN-CVMC,Canyon Vista Medical Center,Hospital,Acute care ,South,Tucson,Cochise,117755,Other,Other,5700 AZ-90,Sierra Vista,85635,"5700 AZ-90, Sierra Vista, AZ 85635","N 31° 33' 16.6428"",W 110° 13' 50.2284""","31.552482, -110.229896",31.552482,-110.229896,"31°33'08.9""N 110°13'47.6""W",,,,,,,,,,,,,,,,,,,,,,,,,,,,
Y,None,NN-CVMC,Canyonlands Healthcare,Federally Qualified Health Center,Specialist Practices,East,Phoenix,Gila,51335,Other,NextGen,5860 N Hospital Dr #102,Globe,85501,"5860 N Hospital Dr #102, Globe, AZ 85501","N 33° 23' 39.8184"",W 111° 34' 1.5456""","33.406509, -110.826187",33.406509,-110.826187,"33°24'23.4""N 110°49'34.3""W",,,,,,,,,,,,,,,,,,,,,,,,,,,,
,,,Care 1st Arizona,Plan,,,,,,,,2355 E Camelback Rd Suite 300, Phoenix,85016,"2355 E Camelback Rd Suite 300,  Phoenix, AZ 85016","N 33° 30' 25.8516"",W 112° 1' 54.5736""","33.507181,-112.031826",33.507181,-112.031826,,,,,,,,,,,,,,,,,,,,,,,,,,,,,
,,,Carondelet Health Network - Holy Cross Hospital,Hospital,,,,,,,,1171 W. Target Range Road,Nogales,85621,"1171 W. Target Range Road, Nogales, AZ 85621","N 31° 20' 25.7244"",W 110° 57' 35.9388""","31.340479,-110.959983",31.340479,-110.959983,,,,,,,,,,,,,,,,,,,,,,,,,,,,,
,,,Carondelet Health Network - St. Joseph's Hospital,Hospital,,,,,,,,350 N. Wilmot Road,Tucson,85711,"350 N. Wilmot Road, Tucson, AZ 85711","N 32° 13' 35.6412"",W 110° 51' 19.206""","32.226567,-110.855335",32.226567,-110.855335,,,,,,,,,,,,,,,,,,,,,,,,,,,,,
,,,Carondelet Health Network - St. Mary's Hospital,Hospital,,,,,,,,1601 W. St. Mary’s Road,Tucson,85745,"1601 W. St. Mary’s Road, Tucson, AZ 85745","N 32° 13' 41.9268"",W 110° 59' 58.5276""","32.228313,-110.999591",32.228313,-110.999591,,,,,,,,,,,,,,,,,,,,,,,,,,,,,
,,,Carondelet Health Network (ambulatory),Provider,,,,,,,,2202 N Forbes,Tucson,85745,"2202 N Forbes, Tucson, AZ 85745","N 32° 14' 54.384"",W 110° 59' 39.6024""","32.24844,-110.994334",32.24844,-110.994334,,,,,,,,,,,,,,,,,,,,,,,,,,,,,
,,,Cenpatico Integrated Care,RBHA,,,,,,,,1501 W Fountainhead Pkwy # 360, Tempe,85282,"1501 W Fountainhead Pkwy # 360,  Tempe, AZ 85282","N 33° 24' 10.6704"",W 111° 57' 46.6632""","33.402964,-111.962962",33.402964,-111.962962,,,,,,,,,,,,,,,,,,,,,,,,,,,,,
,Dignity,DH-CRM,Chandler Regional Medical Center,Hospital,Acute care ,Central,Mesa,Maricopa,3072149,Catholic Healthcare West,Other,1955 W Frye Rd,Chandler,85224,"1955 W Frye Rd, Chandler, AZ 85224","N 33° 17' 13.3116"",W 111° 45' 8.9352""","33.297102, -111.873577",33.297102,-111.873577,"33°17'49.6""N 111°52'24.9""W",,,,,,,,,,,,,,,,,,,,,,,,,,,,
Y,None,NN-CPLC,Chicanos Por La Causa,Community Providers,Social Services,Central,Phoenix,Maricopa,3072149,Other,ClaimTrack,1112 E Buckeye Rd,Phoenix,85034,"1112 E Buckeye Rd, Phoenix, AZ 85034","N 33° 24' 44.2368"",W 111° 56' 27.7368""","33.437050, -112.058254",33.43705,-112.058254,"33°26'13.4""N 112°03'29.7""W",,,,,,,,,,,,,,,,,,,,,,,,,,,,
Y,None,NN-CHCC,"Chiricahua Community Health Centers, Inc.",Federally Qualified Health Center,Family Practice Physician,South,Tucson,Cochise,117755,Other,NextGen,1100 F Ave,Douglas,85607,"1100 F Ave, Douglas, AZ 85607","N 31° 20' 44.7072"",W 109° 33' 11.916""","31.345719, -109.553292",31.345719,-109.553292,"31°20'44.6""N 109°33'11.8""W",,,,,,,,,,,,,,,,,,,,,,,,,,,,
,,,Cigna,Plan,,,,,,,,25600 N Norterra Pkwy, Phoenix,85085,"25600 N Norterra Pkwy,  Phoenix, AZ 85085","N 33° 43' 4.026"",W 112° 6' 56.5128""","33.717785,-112.115698",33.717785,-112.115698,,,,,,,,,,,,,,,,,,,,,,,,,,,,,
,None,NN-CTCA,Circle the City,Federally Qualified Health Center,Homeless HealthCare Services,Central,Phoenix,Maricopa,3072149,Other,Other,333 W Indian School Rd,Phoenix,85013,"333 W Indian School Rd, Phoenix, AZ 85013","N 33° 29' 19.2228"",W 111° 55' 23.3364""","33.494487, -112.080049",33.494487,-112.080049,"33°29'40.1""N 112°04'48.2""W",,,,,,,,,,,,,,,,,,,,,,,,,,,,
,,,City of Surprise Fire-Medical,Gov't,,,,,,,,14250 W Statler Plaza,Surprise,85374,"14250 W Statler Plaza, Surprise, AZ 85374","N 33° 37' 48.288"",W 112° 21' 58.446""","33.63008,-112.366235",33.63008,-112.366235,,,,,,,,,,,,,,,,,,,,,,,,,,,,,
Y,None,NN-CVRMC,Cobre Valley Regional Medical Center ,Critical Access Hospitals,Specialist Practices,East,Phoenix,Gila,51335,Other,Meditech,5880 N Hospital Dr,Globe,85501,"5880 N Hospital Dr, Globe, AZ 85501","N 33° 24' 23.616"",W 110° 49' 33.8412""","33.406560, -110.826249",33.40656,-110.826249,"33°24'23.6""N 110°49'34.5""W",,,,,,,,,,,,,,,,,,,,,,,,,,,,
y,None,NN-CBI,"Community Bridges, Inc. ",Behavioral Health ,Rehabilitation,Central,Phoenix,Maricopa,3072149,Other,NextGen,2770 E Van Buren St,Phoenix,85008,"2770 E Van Buren St, Phoenix, AZ 85008","N 33° 26' 13.5744"",W 112° 3' 29.862""","33.451767, -112.022049",33.451767,-112.022049,"33°27'06.4""N 112°01'19.4""W",,,,,,,,,,,,,,,,,,,,,,,,,,,,
,,,Community Health Centers of West Yavapai,FQHC,,,,,,,,3212 N Windsong Dr, Prescott Valley,86314,"3212 N Windsong Dr,  Prescott Valley, AZ 86314","N 34° 35' 24.9144"",W 112° 19' 41.178""","34.590254,-112.328105",34.590254,-112.328105,,,,,,,,,,,,,,,,,,,,,,,,,,,,,
,,,Community Health Systems - Northwest Medical Center,Hospital,,,,,,,,6200 North LaCholla Blvd., Tucson,85741,"6200 North LaCholla Blvd.,  Tucson, AZ 85741","N 32° 19' 12.9972"",W 111° 0' 36.27""","32.320277,-111.010075",32.320277,-111.010075,,,,,,,,,,,,,,,,,,,,,,,,,,,,,
,,,Community Health Systems - Oro Valley Hospital,Hospital,,,,,,,,1551 East Tangerine Road, Tucson,85755,"1551 East Tangerine Road,  Tucson, AZ 85755","N 32° 25' 42.4524"",W 110° 56' 56.0004""","32.428459,-110.948889",32.428459,-110.948889,,,,,,,,,,,,,,,,,,,,,,,,,,,,,
,,,Community Health Systems - Western Arizona Regional Medical Center,Hospital,,,,,,,,2735 Silver Creek Road , Bullhead City,86442,"2735 Silver Creek Road ,  Bullhead City, AZ 86442","N 35° 6' 38.9412"",W 114° 33' 17.9388""","35.110817,-114.554983",35.110817,-114.554983,,,,,,,,,,,,,,,,,,,,,,,,,,,,,
,,,Community Healthcare of Douglas,RHC,,,,,,,,2174 W Oak Ave,Douglas,85607,"2174 W Oak Ave, Douglas, AZ 85607","N 31° 21' 50.9436"",W 109° 35' 44.4588""","31.364151,-109.595683",31.364151,-109.595683,,,,,,,,,,,,,,,,,,,,,,,,,,,,,
,,,Community Hospital Clinic at Wickenburg ,RHC,,,,,,,,519 Rose Ln, Wickenburg,85390,"519 Rose Ln,  Wickenburg, AZ 85390","N 33° 58' 39.18"",W 112° 44' 22.1172""","33.97755,-112.739477",33.97755,-112.739477,,,,,,,,,,,,,,,,,,,,,,,,,,,,,
,,,Comprehensive Medical and Dental Program,Plan,,,,,,,,150 North 18th Avenue,Phoenix,85007,"150 North 18th Avenue, Phoenix, AZ 85007","N 33° 26' 59.9064"",W 112° 5' 56.5224""","33.449974,-112.099034",33.449974,-112.099034,,,,,,,,,,,,,,,,,,,,,,,,,,,,,
,,,Connections AZ - The Crisis Response Center (CRC),Provider,,,,,,,,2802 E. District Street,Tucson,85714,"2802 E. District Street, Tucson, AZ 85714","N 32° 10' 29.4348"",W 110° 55' 50.7576""","32.174843,-110.930766",32.174843,-110.930766,,,,,,,,,,,,,,,,,,,,,,,,,,,,,
,,,Connections AZ - The Urgent Psychiatric Care Center (UPC),,,,,,,,,1201 S 7th Ave #150, Phoenix,85007,"1201 S 7th Ave #150,  Phoenix, AZ 85007","N 33° 26' 7.4976"",W 112° 4' 53.1552""","33.435416,-112.081432",33.435416,-112.081432,,,,,,,,,,,,,,,,,,,,,,,,,,,,,
,,,Copper Queen Community Hospital,CAH,,,,,,,,101 Cole Ave, Bisbee,85603,"101 Cole Ave,  Bisbee, AZ 85603","N 31° 25' 4.0548"",W 109° 52' 58.8072""","31.417793,-109.883002",31.417793,-109.883002,,,,,,,,,,,,,,,,,,,,,,,,,,,,,
,,,Copper Queen Community Hospital - Copper Queen Medical Associates Bisbee,RHC,,,,,,,,101 Cole Avenue, Bisbee,85603,"101 Cole Avenue,  Bisbee, AZ 85603","N 31° 25' 4.0548"",W 109° 52' 58.8072""","31.417793,-109.883002",31.417793,-109.883002,,,,,,,,,,,,,,,,,,,,,,,,,,,,,
,,,Copper Queen Community Hospital - Copper Queen Medical Associates Douglas Medical Complex,Provider,,,,,,,,100 E. Fifth Street,Douglas,85607,"100 E. Fifth Street, Douglas, AZ 85607","N 31° 20' 21.3828"",W 109° 33' 36.918""","31.339273,-109.560255",31.339273,-109.560255,,,,,,,,,,,,,,,,,,,,,,,,,,,,,
,,,Copper Queen Community Hospital - Copper Queen Medical Associates Palominas,Provider,,,,,,,,10524 E. Highway 92,Palominas,85615,"10524 E. Highway 92, Palominas, AZ 85615","N 31° 22' 45.0336"",W 110° 7' 9.138""","31.379176,-110.119205",31.379176,-110.119205,,,,,,,,,,,,,,,,,,,,,,,,,,,,,
,,,"Crisis Preparation & Recovery, Inc.",Provider,,,,,,,,3260 N Hayden Rd, Scottsdale,85251,"3260 N Hayden Rd,  Scottsdale, AZ 85251","N 33° 29' 6.7272"",W 111° 54' 35.5068""","33.485202,-111.909863",33.485202,-111.909863,,,,,,,,,,,,,,,,,,,,,,,,,,,,,
,,,Crisis Response Network,Provider,,,,,,,,1275 W Washington St #108, Tempe,85281,"1275 W Washington St #108,  Tempe, AZ 85281","N 33° 26' 35.4768"",W 111° 57' 36.2196""","33.443188,-111.960061",33.443188,-111.960061,,,,,,,,,,,,,,,,,,,,,,,,,,,,,
,Honor Health,HH-DVH,Deer Valley Hospital,Hospital,Acute care ,Central,Phoenix,Maricopa,3072149,Catholic Healthcare West,,19829 N 27th Ave,Phoenix,85027,"19829 N 27th Ave, Phoenix, AZ 85027","N 33° 39' 34.7508"",W 112° 22' 22.1916""","33.666153, -112.116188",33.666153,-112.116188,"33°39'58.1""N 112°06'58.3""W",,,,,,,,,,,,,,,,,,,,,,,,,,,,
,,,Desert Kidney Associates,Provider,,,,,,,,612 W. Baseline Road,Mesa,85210,"612 W. Baseline Road, Mesa, AZ 85210","N 33° 22' 44.9004"",W 111° 50' 41.4708""","33.379139,-111.844853",33.379139,-111.844853,,,,,,,,,,,,,,,,,,,,,,,,,,,,,
,,,Desert Senita Community Health Center,FQHC,,,,,,,,410 N Malacate St, Ajo,85321,"410 N Malacate St,  Ajo, AZ 85321","N 32° 22' 31.9296"",W 112° 51' 49.2228""","32.375536,-112.863673",32.375536,-112.863673,,,,,,,,,,,,,,,,,,,,,,,,,,,,,
,,,Dignity Health,Hospital,,,,,,,,7171 S 51st Ave, Laveen Village,85339,"7171 S 51st Ave,  Laveen Village, AZ 85339","N 33° 22' 50.4732"",W 112° 10' 1.0812""","33.380687,-112.166967",33.380687,-112.166967,,,,,,,,,,,,,,,,,,,,,,,,,,,,,
,,,District Medical Group,Provider,,,,,,,,2929 E Thomas Rd, Phoenix,85016,"2929 E Thomas Rd,  Phoenix, AZ 85016","N 33° 28' 48.6444"",W 112° 1' 3.504""","33.480179,-112.01764",33.480179,-112.01764,,,,,,,,,,,,,,,,,,,,,,,,,,,,,
,,,"Dr. Bart J. Carter, MD",,,,,,,,,2240 W 16th St, Safford,85546,"2240 W 16th St,  Safford, AZ 85546","N 32° 49' 18.9228"",W 109° 44' 1.3236""","32.821923,-109.733701",32.821923,-109.733701,,,,,,,,,,,,,,,,,,,,,,,,,,,,,
,,,East Flagstaff Family Medicine,,,,,,,,,1515 E Cedar Ave, Flagstaff,86004,"1515 E Cedar Ave,  Flagstaff, AZ 86004","N 35° 13' 3.1368"",W 111° 37' 15.5856""","35.217538,-111.620996",35.217538,-111.620996,,,,,,,,,,,,,,,,,,,,,,,,,,,,,
,,,El Rio Health Center,FQHC,,,,,,,,225 W Irvington Rd, Tucson,85714,"225 W Irvington Rd,  Tucson, AZ 85714","N 32° 9' 47.6316"",W 110° 58' 18.7104""","32.163231,-110.971864",32.163231,-110.971864,,,,,,,,,,,,,,,,,,,,,,,,,,,,,
,,,Flagstaff Children's Clinics (NO EXACT GOOGLE RESULT),Provider,,,,,,,,1215 N Beaver St, Flagstaff,86001,"1215 N Beaver St,  Flagstaff, AZ 86001","N 35° 12' 33.6024"",W 111° 38' 46.2984""","35.209334,-111.646194",35.209334,-111.646194,,,,,,,,,,,,,,,,,,,,,,,,,,,,,
,,,Gila River Health Care,Hospital,,,,,,,,483 West Seed Farm Road,Sacaton,85147,"483 West Seed Farm Road, Sacaton, AZ 85147","N 33° 4' 22.5624"",W 111° 45' 32.5908""","33.072934,-111.759053",33.072934,-111.759053,,,,,,,,,,,,,,,,,,,,,,,,,,,,,
,,,Gila Valley Clinic,Provider,,,,,,,,1680 S 20th Ave, Safford,85546,"1680 S 20th Ave,  Safford, AZ 85546","N 32° 49' 15.402"",W 109° 44' 2.6088""","32.820945,-109.734058",32.820945,-109.734058,,,,,,,,,,,,,,,,,,,,,,,,,,,,,
,,,Gilbert Hospital,Hospital,,,,,,,,5656 S Power Rd, Gilbert,85295,"5656 S Power Rd,  Gilbert, AZ 85295","N 33° 18' 49.6692"",W 111° 41' 14.406""","33.313797,-111.687335",33.313797,-111.687335,,,,,,,,,,,,,,,,,,,,,,,,,,,,,
,,,Hacienda HealthCare,Hospital,,,,,,,,2303 East Thomas Road,Phoenix,85016,"2303 East Thomas Road, Phoenix, AZ 85016","N 33° 28' 47.9136"",W 112° 1' 56.6148""","33.479976,-112.032393",33.479976,-112.032393,,,,,,,,,,,,,,,,,,,,,,,,,,,,,
,,,Havasu Regional Medical Center,Hospital,,,,,,,,101 Civic Center Ln, Lake Havasu City,86403,"101 Civic Center Ln,  Lake Havasu City, AZ 86403","N 34° 28' 49.3752"",W 114° 20' 19.9212""","34.480382,-114.338867",34.480382,-114.338867,,,,,,,,,,,,,,,,,,,,,,,,,,,,,
,,,Health Choice Arizona,Plan,,,,,,,,410 N 44th St # 900, Phoenix,85008,"410 N 44th St # 900,  Phoenix, AZ 85008","N 33° 27' 10.08"",W 111° 59' 23.442""","33.4528,-111.989845",33.4528,-111.989845,,,,,,,,,,,,,,,,,,,,,,,,,,,,,
,,,Health Choice Integrated Care,RBHA,,,,,,,,1300 S Yale St, Flagstaff,86001,"1300 S Yale St,  Flagstaff, AZ 86001","N 35° 11' 18.366"",W 111° 39' 55.2132""","35.188435,-111.665337",35.188435,-111.665337,,,,,,,,,,,,,,,,,,,,,,,,,,,,,
,,,HealthNet,Plan,,,,,,,,1230 W Washington St #401, Tempe,85281,"1230 W Washington St #401,  Tempe, AZ 85281","N 33° 26' 40.4664"",W 111° 57' 24.8184""","33.444574,-111.956894",33.444574,-111.956894,,,,,,,,,,,,,,,,,,,,,,,,,,,,,
,,,Homewood Family Physicians,Provider,,,,,,,,4540 E Baseline Rd #113, Mesa,85206,"4540 E Baseline Rd #113,  Mesa, AZ 85206","N 33° 22' 46.2972"",W 111° 44' 9.6684""","33.379527,-111.736019",33.379527,-111.736019,,,,,,,,,,,,,,,,,,,,,,,,,,,,,
,,,HonorHealth Deer Valley Medical Center,Hospital,,,,,,,,19829 N. 27th Ave., Phoenix,85027,"19829 N. 27th Ave.,  Phoenix, AZ 85027","N 33° 39' 56.6172"",W 112° 6' 57.9888""","33.665727,-112.116108",33.665727,-112.116108,,,,,,,,,,,,,,,,,,,,,,,,,,,,,
,,,HonorHealth John C. Lincoln Medical Center,Hospital,,,,,,,,250 E. Dunlap Ave., Phoenix,85020,"250 E. Dunlap Ave.,  Phoenix, AZ 85020","N 33° 34' 10.0524"",W 112° 4' 15.1572""","33.569459,-112.070877",33.569459,-112.070877,,,,,,,,,,,,,,,,,,,,,,,,,,,,,
,,,HonorHealth Scottsdale Osborn Medical Center,Hospital,,,,,,,,7400 E. Osborn Road, Scottsdale,85251,"7400 E. Osborn Road,  Scottsdale, AZ 85251","N 33° 29' 19.2228"",W 111° 55' 23.3364""","33.488673,-111.923149",33.488673,-111.923149,,,,,,,,,,,,,,,,,,,,,,,,,,,,,
,,,HonorHealth Scottsdale Shea Medical Center,Hospital,,,,,,,,9003 E. Shea Boulevard, Scottsdale,85260,"9003 E. Shea Boulevard,  Scottsdale, AZ 85260","N 33° 34' 48.2484"",W 111° 53' 6.5148""","33.580069,-111.885143",33.580069,-111.885143,,,,,,,,,,,,,,,,,,,,,,,,,,,,,
,,,HonorHealth Scottsdale Thompson Peak Medical Center,Hospital,,,,,,,,7400 E. Thompson Peak Pkwy, Scottsdale,85255,"7400 E. Thompson Peak Pkwy,  Scottsdale, AZ 85255","N 33° 40' 14.502"",W 111° 55' 19.3152""","33.670695,-111.922032",33.670695,-111.922032,,,,,,,,,,,,,,,,,,,,,,,,,,,,,
,,,Humana,Plan,,,,,,,,2231 E. Camelback Road,Phoenix,85016,"2231 E. Camelback Road, Phoenix, AZ 85016","N 33° 30' 30.402"",W 112° 1' 57.8928""","33.508445,-112.032748",33.508445,-112.032748,,,,,,,,,,,,,,,,,,,,,,,,,,,,,
,,,"IASIS Healthcare - 
Mountain Vista Medical Center",Hospital,,,,,,,,1301 S. Crimson Rd.,Mesa,85209,"1301 S. Crimson Rd., Mesa, AZ 85209","N 33° 23' 30.3612"",W 111° 36' 39.8556""","33.391767,-111.611071",33.391767,-111.611071,,,,,,,,,,,,,,,,,,,,,,,,,,,,,
,,,"IASIS Healthcare - 
Tempe St. Luke’s Hospital",Hospital,,,,,,,,1500 S. Mill Avenue,Tempe,85281,"1500 S. Mill Avenue, Tempe, AZ 85281","N 33° 24' 44.2368"",W 111° 56' 27.7368""","33.412288,-111.941038",33.412288,-111.941038,,,,,,,,,,,,,,,,,,,,,,,,,,,,,
,,,IASIS Healthcare - St. Luke’s Behavioral Health Center,Hospital,,,,,,,,1801 E. Van Buren Street,Phoenix,85007,"1801 E. Van Buren Street, Phoenix, AZ 85007","N 33° 27' 4.194"",W 112° 5' 54.2904""","33.451165,-112.098414",33.451165,-112.098414,,,,,,,,,,,,,,,,,,,,,,,,,,,,,
,,,IASIS Healthcare - St. Luke’s Medical Center,Hospital,,,,,,,,1800 E. Van Buren Street,Phoenix,85006,"1800 E. Van Buren Street, Phoenix, AZ 85006","N 33° 27' 16.146"",W 112° 2' 32.4816""","33.454485,-112.042356",33.454485,-112.042356,,,,,,,,,,,,,,,,,,,,,,,,,,,,,
,,,Indian Health Services,Hospital,,,,,,,,40 North Central Avenue,Phoenix,85004,"40 North Central Avenue, Phoenix, AZ 85004","N 33° 26' 56.3316"",W 112° 4' 28.7904""","33.448981,-112.074664",33.448981,-112.074664,,,,,,,,,,,,,,,,,,,,,,,,,,,,,
,,,Kingman Regional Medical Center,Hospital,,,,,,,,3269 Stockton Hill Rd, Kingman,86409,"3269 Stockton Hill Rd,  Kingman, AZ 86409","N 35° 13' 13.1448"",W 114° 2' 13.6284""","35.220318,-114.037119",35.220318,-114.037119,,,,,,,,,,,,,,,,,,,,,,,,,,,,,
,,,La Frontera - EMPACT,Provider,,,,,,,,618 S Madison Dr, Tempe,85281,"618 S Madison Dr,  Tempe, AZ 85281","N 33° 25' 24.258"",W 111° 58' 26.1732""","33.423405,-111.973937",33.423405,-111.973937,,,,,,,,,,,,,,,,,,,,,,,,,,,,,
,,,La Paz Regional Hospital Clinic ,RHC,,,,,,,,1200 Mohave Rd, Parker,85344,"1200 Mohave Rd,  Parker, AZ 85344","N 34° 8' 7.9152"",W 114° 17' 5.2332""","34.135532,-114.284787",34.135532,-114.284787,,,,,,,,,,,,,,,,,,,,,,,,,,,,,
,,,La Paz Regional Medical Center,CAH,,,,,,,,1200 Mohave Rd, Parker,85344,"1200 Mohave Rd,  Parker, AZ 85344","N 34° 8' 7.9152"",W 114° 17' 5.2332""","34.135532,-114.284787",34.135532,-114.284787,,,,,,,,,,,,,,,,,,,,,,,,,,,,,
,,,LabCorp,Lab,,,,,,,,5005 South 40th St,Phoenix,85040,"5005 South 40th St, Phoenix, AZ 85040","N 33° 24' 2.5452"",W 111° 59' 38.4036""","33.400707,-111.994001",33.400707,-111.994001,,,,,,,,,,,,,,,,,,,,,,,,,,,,,
,,,Lifeprint Accountable Care Organization,Provider,,,,,,,,20414 N 27TH AVE #500,Phoenix,85027,"20414 N 27TH AVE #500, Phoenix, AZ 85027","N 33° 40' 18.9804"",W 112° 7' 3.612""","33.671939,-112.11767",33.671939,-112.11767,,,,,,,,,,,,,,,,,,,,,,,,,,,,,
,,,Lifewellness Behavioral Wellness Center Beryl,Provider,,,,,,,,2505 W. Beryl Ave.,Phoenix,85021,"2505 W. Beryl Ave., Phoenix, AZ 85021","N 33° 34' 46.524"",W 112° 6' 49.6476""","33.57959,-112.113791",33.57959,-112.113791,,,,,,,,,,,,,,,,,,,,,,,,,,,,,
,,,Lifewellness Behavioral Wellness Center Midtown,Provider,,,,,,,,3333 N. 7th Ave,Phoenix,85013,"3333 N. 7th Ave, Phoenix, AZ 85013","N 33° 29' 12.3324"",W 112° 4' 58.134""","33.486759,-112.082815",33.486759,-112.082815,,,,,,,,,,,,,,,,,,,,,,,,,,,,,
,,,Lifewellness Behavioral Wellness Center Mitchell,Provider,,,,,,,,40 E. Mitchell Dr.,Phoenix,85012,"40 E. Mitchell Dr., Phoenix, AZ 85012","N 33° 29' 20.2992"",W 112° 4' 18.1092""","33.488972,-112.071697",33.488972,-112.071697,,,,,,,,,,,,,,,,,,,,,,,,,,,,,
,,,Lifewellness Behavioral Wellness Center Power,Provider,,,,,,,,6915 E. Main St.,Mesa,85207,"6915 E. Main St., Mesa, AZ 85207","N 33° 24' 54.018"",W 111° 40' 55.0452""","33.415005,-111.681957",33.415005,-111.681957,,,,,,,,,,,,,,,,,,,,,,,,,,,,,
,,,Lifewellness Behavioral Wellness Center South Central,Provider,,,,,,,,1616 E. Roeser Rd.,Phoenix,85040,"1616 E. Roeser Rd., Phoenix, AZ 85040","N 33° 24' 0.5544"",W 112° 2' 45.7512""","33.400154,-112.046042",33.400154,-112.046042,,,,,,,,,,,,,,,,,,,,,,,,,,,,,
,,,Lifewellness Behavioral Wellness Center University,Provider,,,,,,,,262 E. University Dr.,Mesa,85201,"262 E. University Dr., Mesa, AZ 85201","N 33° 25' 22.2492"",W 111° 49' 30.8748""","33.422847,-111.825243",33.422847,-111.825243,,,,,,,,,,,,,,,,,,,,,,,,,,,,,
,,,Lifewellness Behavioral Wellness Center Oak,Provider,,,,,,,,4451 E. Oak Street,Phoenix,85008,"4451 E. Oak Street, Phoenix, AZ 85008","N 33° 28' 20.0568"",W 111° 59' 7.6452""","33.472238,-111.985457",33.472238,-111.985457,,,,,,,,,,,,,,,,,,,,,,,,,,,,,
,,,Little Colorado Medical Center,CAH,,,,,,,,1501 N Williamson Ave, Winslow,86047,"1501 N Williamson Ave,  Winslow, AZ 86047","N 35° 2' 8.8656"",W 110° 41' 32.8884""","35.035796,-110.692469",35.035796,-110.692469,,,,,,,,,,,,,,,,,,,,,,,,,,,,,
,,,"Marana Health Center, Inc.",FQHC,,,,,,,,13395 N. Marana Main Street ,Marana,85653,"13395 N. Marana Main Street , Marana, AZ 85653","N 32° 26' 57.5268"",W 111° 12' 46.7712""","32.449313,-111.212992",32.449313,-111.212992,,,,,,,,,,,,,,,,,,,,,,,,,,,,,
,,,Maricopa County,Provider,,,,,,,,,,,,,"0,0",0,0,,,,,,,,,,,,,,,,,,,,,,,,,,,,,
,,,Maricopa County Health Care for the Homeless,FQHC,,,,,,,,220 S 12th Ave, Phoenix,85007,"220 S 12th Ave,  Phoenix, AZ 85007","N 33° 26' 43.5588"",W 112° 5' 19.1328""","33.445433,-112.088648",33.445433,-112.088648,,,,,,,,,,,,,,,,,,,,,,,,,,,,,
,,,Maricopa Health Plan,Plan,,,,,,,,220 S. 12th Avenue, Phoenix,85007,"220 S. 12th Avenue,  Phoenix, AZ 85007","N 33° 26' 43.5588"",W 112° 5' 19.1328""","33.445433,-112.088648",33.445433,-112.088648,,,,,,,,,,,,,,,,,,,,,,,,,,,,,
,,,Maricopa Integrated Health System,Hospital,,,,,,,,2601 E Roosevelt St, Phoenix,85008,"2601 E Roosevelt St,  Phoenix, AZ 85008","N 33° 27' 27.5724"",W 112° 1' 34.0032""","33.457659,-112.026112",33.457659,-112.026112,,,,,,,,,,,,,,,,,,,,,,,,,,,,,
,,,Maricopa Integrated Health System (ambulatory),Provider,,,,,,,,2525 E. Roosevelt St.,Phoenix,85008,"2525 E. Roosevelt St., Phoenix, AZ 85008","N 33° 27' 26.9424"",W 112° 1' 41.8512""","33.457484,-112.028292",33.457484,-112.028292,,,,,,,,,,,,,,,,,,,,,,,,,,,,,
,,,Maricopa Integrated Health System Clinics  - Glendale Family Health Center,FQHC,,,,,,,,950 E. Van Buren Street, Avondale ,85323,"950 E. Van Buren Street,  Avondale , AZ 85323","N 33° 27' 1.9044"",W 112° 20' 14.8452""","33.450529,-112.337457",33.450529,-112.337457,,,,,,,,,,,,,,,,,,,,,,,,,,,,,
,,,Maricopa Integrated Health System Clinics - 7th Avenue Family Health Center,FQHC,,,,,,,,2525 East Roosevelt Street, Phoenix,85008,"2525 East Roosevelt Street,  Phoenix, AZ 85008","N 33° 27' 26.9424"",W 112° 1' 41.8512""","33.457484,-112.028292",33.457484,-112.028292,,,,,,,,,,,,,,,,,,,,,,,,,,,,,
,,,Maricopa Integrated Health System Clinics - 7th Avenue Walk In Clinic,FQHC,,,,,,,,33 West Tamarisk Street, Phoenix,85041,"33 West Tamarisk Street,  Phoenix, AZ 85041","N 33° 24' 12.9132"",W 112° 4' 30.5652""","33.403587,-112.075157",33.403587,-112.075157,,,,,,,,,,,,,,,,,,,,,,,,,,,,,
,,,Maricopa Integrated Health System Clinics - Chandler Family Health Center,FQHC,,,,,,,,4011 North 51st Avenue, Phoenix,85031,"4011 North 51st Avenue,  Phoenix, AZ 85031","N 33° 29' 36.8988"",W 112° 10' 5.4084""","33.493583,-112.168169",33.493583,-112.168169,,,,,,,,,,,,,,,,,,,,,,,,,,,,,
,,,Maricopa Integrated Health System Clinics - Comprehensive Health Center,FQHC,,,,,,,,5825 East Calle Guadalupe, Guadalupe,85283,"5825 East Calle Guadalupe,  Guadalupe, AZ 85283","N 33° 21' 48.0672"",W 111° 57' 31.23""","33.363352,-111.958675",33.363352,-111.958675,,,,,,,,,,,,,,,,,,,,,,,,,,,,,
,,,Maricopa Integrated Health System Clinics - El Mirage Family Health Center,FQHC,,,,,,,,934 West Hatcher , Phoenix,85021,"934 West Hatcher ,  Phoenix, AZ 85021","N 33° 34' 18.2064"",W 112° 5' 10.2192""","33.571724,-112.086172",33.571724,-112.086172,,,,,,,,,,,,,,,,,,,,,,,,,,,,,
,,,Maricopa Integrated Health System Clinics - Guadalupe Family Health Center,FQHC,,,,,,,,10550 West Mariposa Street, Phoenix,85037,"10550 West Mariposa Street,  Phoenix, AZ 85037","N 33° 30' 24.3"",W 112° 17' 13.1172""","33.50675,-112.286977",33.50675,-112.286977,,,,,,,,,,,,,,,,,,,,,,,,,,,,,
,,,Maricopa Integrated Health System Clinics - Maryvale Family Health Center,FQHC,,,,,,,,12428 W. Thunderbird Road, El Mirage,85335,"12428 W. Thunderbird Road,  El Mirage, AZ 85335","N 33° 36' 34.3908"",W 112° 19' 41.4084""","33.609553,-112.328169",33.609553,-112.328169,,,,,,,,,,,,,,,,,,,,,,,,,,,,,
,,,Maricopa Integrated Health System Clinics - McDowell Healthcare Center,FQHC,,,,,,,,59 South Hibbert, Mesa,85210,"59 South Hibbert,  Mesa, AZ 85210","N 33° 24' 49.2876"",W 111° 49' 32.5956""","33.413691,-111.825721",33.413691,-111.825721,,,,,,,,,,,,,,,,,,,,,,,,,,,,,
,,,Maricopa Integrated Health System Clinics - Mesa Family Health Center,FQHC,,,,,,,,811 South Hamilton Street, Chandler,85225,"811 South Hamilton Street,  Chandler, AZ 85225","N 33° 17' 37.572"",W 111° 49' 58.4328""","33.29377,-111.832898",33.29377,-111.832898,,,,,,,,,,,,,,,,,,,,,,,,,,,,,
,,,Maricopa Integrated Health System Clinics - Pendergast Family Health Center,FQHC,,,,,,,,5141 West Lamar Road, Glendale,85301,"5141 West Lamar Road,  Glendale, AZ 85301","N 33° 32' 9.9096"",W 112° 10' 12.2988""","33.536086,-112.170083",33.536086,-112.170083,,,,,,,,,,,,,,,,,,,,,,,,,,,,,
,,,Maricopa Integrated Health System Clinics - South Central Family Center,FQHC,,,,,,,,1101 North Central Avenue, Phoenix,85004,"1101 North Central Avenue,  Phoenix, AZ 85004","N 33° 27' 36.7884"",W 112° 4' 25.0392""","33.460219,-112.073622",33.460219,-112.073622,,,,,,,,,,,,,,,,,,,,,,,,,,,,,
,,,Maricopa Integrated Health System Clinics - Sunnyslope Family Health Center,FQHC,,,,,,,,1205 South 7th Avenue, Phoenix,85007,"1205 South 7th Avenue,  Phoenix, AZ 85007","N 33° 26' 5.7804"",W 112° 4' 52.9824""","33.434939,-112.081384",33.434939,-112.081384,,,,,,,,,,,,,,,,,,,,,,,,,,,,,
,,,"Mariposa Community Health Center, Inc.",FQHC,,,,,,,,1201 South 7th Avenue, Phoenix,85007,"1201 South 7th Avenue,  Phoenix, AZ 85007","N 33° 26' 7.4976"",W 112° 4' 53.1552""","33.435416,-112.081432",33.435416,-112.081432,,,,,,,,,,,,,,,,,,,,,,,,,,,,,
,,,Mayo Clinic Hospital,Hospital,,,,,,,,5777 East Mayo Boulevard,Phoenix,85054,"5777 East Mayo Boulevard, Phoenix, AZ 85054","N 33° 39' 32.0292"",W 111° 57' 23.1156""","33.658897,-111.956421",33.658897,-111.956421,,,,,,,,,,,,,,,,,,,,,,,,,,,,,
,,,MD24 House Call,Provider,,,,,,,,14780 W Mountain View Blvd #110, Surprise,85374,"14780 W Mountain View Blvd #110,  Surprise, AZ 85374","N 33° 39' 20.4444"",W 112° 22' 41.8224""","33.655679,-112.378284",33.655679,-112.378284,,,,,,,,,,,,,,,,,,,,,,,,,,,,,
,,,Med-Cure Internal Medicine,Provider,,,,,,,,13657 W McDowell Rd # 118, Goodyear,85395,"13657 W McDowell Rd # 118,  Goodyear, AZ 85395","N 33° 27' 48.3912"",W 112° 21' 11.4696""","33.463442,-112.353186",33.463442,-112.353186,,,,,,,,,,,,,,,,,,,,,,,,,,,,,
,,,Mercy Care Plan,Plan,,,,,,,,4350 E Cotton Center Blvd, Phoenix,85040,"4350 E Cotton Center Blvd,  Phoenix, AZ 85040","N 33° 24' 9.0144"",W 111° 59' 24.7812""","33.402504,-111.990217",33.402504,-111.990217,,,,,,,,,,,,,,,,,,,,,,,,,,,,,
,Dignity,DH-MGM,Mercy Gilbert Medical Center,Hospital,Acute care ,Central,Mesa,Maricopa,3072149,Catholic Healthcare West,,3555 S Val Vista Dr,Gilbert,852097,"3555 S Val Vista Dr, Gilbert, AZ 852097","N 33° 12' 52.1784"",W 111° 33' 56.2788""","33.286928, -111.752432",33.286928,-111.752432,"33°17'12.9""N 111°45'08.8""W",,,,,,,,,,,,,,,,,,,,,,,,,,,,
,,,Mercy Maricopa Integrated Care,RBHA,,,,,,,,4351 E Cotton Center Blvd, Phoenix,85040,"4351 E Cotton Center Blvd,  Phoenix, AZ 85040","N 33° 24' 10.4724"",W 111° 58' 58.3464""","33.402909,-111.982874",33.402909,-111.982874,,,,,,,,,,,,,,,,,,,,,,,,,,,,,
,,,Mount Graham Regional Medical Center,Hospital,,,,,,,,1600 S 20th Ave, Safford,85546,"1600 S 20th Ave,  Safford, AZ 85546","N 32° 49' 21.9612"",W 109° 44' 5.3664""","32.822767,-109.734824",32.822767,-109.734824,,,,,,,,,,,,,,,,,,,,,,,,,,,,,
,,,Mountain Park Health Center,FQHC,,,,,,,,2702 N 3rd St #4020, Phoenix,85004,"2702 N 3rd St #4020,  Phoenix, AZ 85004","N 33° 28' 39.5688"",W 112° 4' 15.6504""","33.477658,-112.071014",33.477658,-112.071014,,,,,,,,,,,,,,,,,,,,,,,,,,,,,
,IASIS,IH-MV,Mountain Vista Medical Center,Hospital,Acute care ,Central,Mesa,Maricopa,3072149,IASIS Healthcare,,1301 S Crismon Rd,Mesa,85210,"1301 S Crismon Rd, Mesa, AZ 85210","N 33° 23' 23.9424"",W 111° 52' 37.2468""","33.391536, -111.611062",33.391536,-111.611062,"33°23'29.5""N 111°36'39.8""W",,,,,,,,,,,,,,,,,,,,,,,,,,,,
,,,Native Health,FQHC,,,,,,,,4041 N Central Ave, Phoenix,85012,"4041 N Central Ave,  Phoenix, AZ 85012","N 33° 29' 38.3208"",W 112° 4' 22.3572""","33.493978,-112.072877",33.493978,-112.072877,,,,,,,,,,,,,,,,,,,,,,,,,,,,,
,,,Neighborhood Outreach Action for Health - Balsz Educare of Arizona Center for Health (BEACH),FQHC,,,,,,,,1300 N 48th St, Phoenix,85008,"1300 N 48th St,  Phoenix, AZ 85008","N 33° 27' 44.6256"",W 111° 58' 53.796""","33.462396,-111.98161",33.462396,-111.98161,,,,,,,,,,,,,,,,,,,,,,,,,,,,,
,,,Neighborhood Outreach Action for Health - Cholla Health Center,FQHC,,,,,,,,11130 E Cholla St, Scottsdale,85259,"11130 E Cholla St,  Scottsdale, AZ 85259","N 33° 35' 16.134"",W 111° 50' 23.2116""","33.587815,-111.839781",33.587815,-111.839781,,,,,,,,,,,,,,,,,,,,,,,,,,,,,
,,,Neighborhood Outreach Action for Health - Desert Mission Community Health Center,FQHC,,,,,,,,9201 N 5th St, Phoenix,85020,"9201 N 5th St,  Phoenix, AZ 85020","N 33° 34' 11.6832"",W 112° 4' 1.4196""","33.569912,-112.067061",33.569912,-112.067061,,,,,,,,,,,,,,,,,,,,,,,,,,,,,
,,,Neighborhood Outreach Action for Health - Heuser Family Medicine,FQHC,,,,,,,,7301 E 2nd St, Scottsdale,85251,"7301 E 2nd St,  Scottsdale, AZ 85251","N 33° 29' 27.4344"",W 111° 55' 27.2532""","33.490954,-111.924237",33.490954,-111.924237,,,,,,,,,,,,,,,,,,,,,,,,,,,,,
,,,Neighborhood Outreach Action for Health - Palomino Health Center,FQHC,,,,,,,,15833 N 29th St, Phoenix,85032,"15833 N 29th St,  Phoenix, AZ 85032","N 33° 37' 56.3052"",W 112° 1' 9.12""","33.632307,-112.0192",33.632307,-112.0192,,,,,,,,,,,,,,,,,,,,,,,,,,,,,
,,,New Pueblo,Provider,,,,,,,,6365 E Tanque Verde Rd, Tucson,85715,"6365 E Tanque Verde Rd,  Tucson, AZ 85715","N 32° 14' 44.9232"",W 110° 51' 26.55""","32.245812,-110.857375",32.245812,-110.857375,,,,,,,,,,,,,,,,,,,,,,,,,,,,,
Y,Arizona Alliance,AA-NCHC,North Country HealthCare,Hospital,Acute care ,West,Phoenix,Mohave ,155032,Other,Other,1510 Stockton Hill Road,Kingman,86401,"1510 Stockton Hill Road, Kingman, AZ 86401","N 34° 13' 54.2604"",W 111° 19' 16.68""","35.201992,-114.032748",35.201992,-114.032748,"35°12'07.3""N 114°01'57.8""W",,,,,,,,,,,,,,,,,,,,,,,,,,,,
,Honor Health,HH-NMH,North Mountain Hospital,Hospital,Acute care ,Central,Phoenix,Maricopa,3072149,Catholic Healthcare West,,250 E Dunlap Ave,Phoenix,85020,"250 E Dunlap Ave, Phoenix, AZ 85020","N 33° 33' 46.5732"",W 112° 6' 26.226""","33.569329, -112.070884",33.569329,-112.070884,"33°34'09.6""N 112°04'15.2""W",,,,,,,,,,,,,,,,,,,,,,,,,,,,
,,,Northern Arizona Healthcare - Flagstaff Medical Center,Hospital,,,,,,,,1200 N. Beaver Street,Flagstaff,86001,"1200 N. Beaver Street, Flagstaff, AZ 86001","N 35° 12' 29.952"",W 111° 38' 38.3496""","35.20832,-111.643986",35.20832,-111.643986,,,,,,,,,,,,,,,,,,,,,,,,,,,,,
,,,Northern Arizona Healthcare - Verde Valley Medical Center,Hospital,,,,,,,,269 S. Candy Lane,Cottonwood,86326,"269 S. Candy Lane, Cottonwood, AZ 86326","N 34° 44' 8.7936"",W 112° 1' 45.3216""","34.735776,-112.029256",34.735776,-112.029256,,,,,,,,,,,,,,,,,,,,,,,,,,,,,
,,,Northern Arizona Healthcare - Verde Valley Medical Center - Sedona Campus,Hospital,,,,,,,,3700 Arizona 89A,Sedona,86336,"3700 Arizona 89A, Sedona, AZ 86336","N 34° 51' 22.7052"",W 111° 49' 21.6156""","34.856307,-111.822671",34.856307,-111.822671,,,,,,,,,,,,,,,,,,,,,,,,,,,,,
,,,Northern Cochise Community Hospital,CAH,,,,,,,,901 W Rex Allen Dr, Willcox,85643,"901 W Rex Allen Dr,  Willcox, AZ 85643","N 32° 15' 54.5472"",W 109° 50' 18.0456""","32.265152,-109.838346",32.265152,-109.838346,,,,,,,,,,,,,,,,,,,,,,,,,,,,,
,,,Northern Cochise Community Hospital Clinic - Sulphur Springs Medical Center,RHC,,,,,,,,900 W. Scott,Willcox,85643,"900 W. Scott, Willcox, AZ 85643","N 32° 15' 58.5324"",W 109° 50' 19.6296""","32.266259,-109.838786",32.266259,-109.838786,,,,,,,,,,,,,,,,,,,,,,,,,,,,,
,,,Northern Cochise Community Hospital Clinic - Sunsites Medical Clinic,RHC,,,,,,,,223 N. Frontage Road,Pearce,85625,"223 N. Frontage Road, Pearce, AZ 85625","N 31° 56' 22.8192"",W 109° 49' 53.1048""","31.939672,-109.831418",31.939672,-109.831418,,,,,,,,,,,,,,,,,,,,,,,,,,,,,
,,,OASIS Hospital,Hospital,,,,,,,,750 N 40th St, Phoenix,85008,"750 N 40th St,  Phoenix, AZ 85008","N 33° 27' 23.6844"",W 111° 59' 47.4684""","33.456579,-111.996519",33.456579,-111.996519,,,,,,,,,,,,,,,,,,,,,,,,,,,,,
,,,Options Medical,Provider,,,,,,,,4135 S Power Rd # 129, Mesa,85212,"4135 S Power Rd # 129,  Mesa, AZ 85212","N 33° 20' 26.8908"",W 111° 41' 10.86""","33.340803,-111.68635",33.340803,-111.68635,,,,,,,,,,,,,,,,,,,,,,,,,,,,,
,,,Optum Medical Network,Provider,,,,,,,,20414 N. 27th Avenue,Phoenix,85027,"20414 N. 27th Avenue, Phoenix, AZ 85027","N 33° 40' 18.9804"",W 112° 7' 3.612""","33.671939,-112.11767",33.671939,-112.11767,,,,,,,,,,,,,,,,,,,,,,,,,,,,,
,Honor Health,HH-OH,Osborn Hospital,Hospital,Acute care ,Central,Phoenix,Maricopa,3072149,Scottsdale Healthcare,,7400 E. Osborn Road,Scottsdale,85251,"7400 E. Osborn Road, Scottsdale, AZ 85251","N 33° 29' 13.7796"",W 112° 2' 55.8276""","33.488546, -111.922934",33.488546,-111.922934,"33°29'18.8""N 111°55'22.6""W",,,,,,,,,,,,,,,,,,,,,,,,,,,,
,Banner,BHPCH,Page Community Hospital ,Hospital,Acute care ,North,Phoenix,Coconino,116320,Banner Health,,501 N Navajo Rd,Page,86040,"501 N Navajo Rd, Page, AZ 86040","N 35° 12' 42.6204"",W 114° 2' 5.9172""","36.917626, -111.463592",36.917626,-111.463592,"36°55'03.5""N 111°27'48.9""W",,,,,,,,,,,,,,,,,,,,,,,,,,,,
,,,Page Family Practice,Provider,,,,,,,,5030 S Mill Ave, Tempe,85282,"5030 S Mill Ave,  Tempe, AZ 85282","N 33° 22' 45.9804"",W 111° 56' 25.26""","33.379439,-111.94035",33.379439,-111.94035,,,,,,,,,,,,,,,,,,,,,,,,,,,,,
,,,Partners In Recovery,Provider,,,,,,,,924 NORTH COUNTRY CLUB DRIVE, MESA,85201,"924 NORTH COUNTRY CLUB DRIVE,  MESA, AZ 85201","N 33° 25' 55.9524"",W 111° 50' 25.6344""","33.432209,-111.840454",33.432209,-111.840454,,,,,,,,,,,,,,,,,,,,,,,,,,,,,
,,,Phoenix Children's Clinics - MSIC (DMG),Provider,,,,,,,,2929 E. Thomas Rd.,Phoenix,85016,"2929 E. Thomas Rd., Phoenix, AZ 85016","N 33° 28' 48.6444"",W 112° 1' 3.504""","33.480179,-112.01764",33.480179,-112.01764,,,,,,,,,,,,,,,,,,,,,,,,,,,,,
,,,Phoenix Children's Hospital,Hospital,,,,,,,,1919 E Thomas Rd, Phoenix,85016,"1919 E Thomas Rd,  Phoenix, AZ 85016","N 33° 28' 44.7492"",W 112° 2' 24.882""","33.479097,-112.040245",33.479097,-112.040245,,,,,,,,,,,,,,,,,,,,,,,,,,,,,
,,,Phoenix Health Plan,Plan,,,,,,,,7878 N 16th St #105, Phoenix,85020,"7878 N 16th St #105,  Phoenix, AZ 85020","N 33° 33' 10.242"",W 112° 2' 58.1172""","33.552845,-112.049477",33.552845,-112.049477,,,,,,,,,,,,,,,,,,,,,,,,,,,,,
,,,Pima County (Corrections),Provider,,,,,,,,3950 S Country Club,Tucson,85714,"3950 S Country Club, Tucson, AZ 85714","N 32° 10' 33.9744"",W 110° 55' 40.3356""","32.176104,-110.927871",32.176104,-110.927871,,,,,,,,,,,,,,,,,,,,,,,,,,,,,
,,,Pima Lung and Sleep,Provider,,,,,,,,5310 N La Cholla Blvd, Tucson,85741,"5310 N La Cholla Blvd,  Tucson, AZ 85741","N 32° 18' 11.4948"",W 111° 0' 40.0104""","32.303193,-111.011114",32.303193,-111.011114,,,,,,,,,,,,,,,,,,,,,,,,,,,,,
,,,Plaza Healthcare,Provider,,,,,,,,1475 N Granite Reef Rd, Scottsdale,85257,"1475 N Granite Reef Rd,  Scottsdale, AZ 85257","N 33° 27' 50.7852"",W 111° 53' 59.1072""","33.464107,-111.899752",33.464107,-111.899752,,,,,,,,,,,,,,,,,,,,,,,,,,,,,
,,,Recovery Innovations,Provider,,,,,,,,2701 N 16th St #316, Phoenix,85006,"2701 N 16th St #316,  Phoenix, AZ 85006","N 33° 28' 41.3652"",W 112° 2' 49.6212""","33.478157,-112.047117",33.478157,-112.047117,,,,,,,,,,,,,,,,,,,,,,,,,,,,,
,IASIS,IH-MPI,Regional MPI,,,,,,,,,,,,,,"0,0",0,0,,,,,,,,,,,,,,,,,,,,,,,,,,,,,
,,,Sage Memorial Hospital,CAH,,,,,,,,US-191 & AZ-264, Ganado,86505,"US-191 & AZ-264,  Ganado, AZ 86505","N 35° 42' 32.1264"",W 109° 32' 31.938""","35.708924,-109.542205",35.708924,-109.542205,,,,,,,,,,,,,,,,,,,,,,,,,,,,,
,,,Saguaro Surgical,,,,,,,,,6422 E Speedway Blvd #150, Tucson,85710,"6422 E Speedway Blvd #150,  Tucson, AZ 85710","N 32° 14' 6.1224"",W 110° 51' 18.1656""","32.235034,-110.855046",32.235034,-110.855046,,,,,,,,,,,,,,,,,,,,,,,,,,,,,
,,,San Luis Walk-In Clinic/Regional Center for Border Health,RHC,,,,,,,,214 East Main Street, Somerton,85350,"214 East Main Street,  Somerton, AZ 85350","N 32° 35' 47.9292"",W 114° 42' 31.9932""","32.596647,-114.708887",32.596647,-114.708887,,,,,,,,,,,,,,,,,,,,,,,,,,,,,
,,,San Pedro Family Care,,,,,,,,,890 W 4th St, Benson,85602,"890 W 4th St,  Benson, AZ 85602","N 31° 58' 16.7268"",W 110° 18' 49.248""","31.971313,-110.31368",31.971313,-110.31368,,,,,,,,,,,,,,,,,,,,,,,,,,,,,
,Honor Health,HH-SH,Shea Hospital,Hospital,Acute care ,Central,Phoenix,Maricopa,3072149,Scottsdale Healthcare,,9003 E Shea Blvd,Scottsdale,85260,"9003 E Shea Blvd, Scottsdale, AZ 85260","N 33° 34' 10.0524"",W 112° 4' 15.1572""","33.579769, -111.884512",33.579769,-111.884512,"33°34'47.2""N 111°53'04.2""W",,,,,,,,,,,,,,,,,,,,,,,,,,,,
,,,Sonora Quest Labs,Lab,,,,,,,,1300 N 12th St #503, Phoenix,85006,"1300 N 12th St #503,  Phoenix, AZ 85006","N 33° 27' 47.2176"",W 112° 3' 25.4376""","33.463116,-112.057066",33.463116,-112.057066,,,,,,,,,,,,,,,,,,,,,,,,,,,,,
,,,"Southeastern Arizona Behavioral Health Services, Inc.",Provider,,,,,,,,611 W Union St, Benson,85602,"611 W Union St,  Benson, AZ 85602","N 31° 57' 44.226"",W 110° 18' 28.224""","31.962285,-110.30784",31.962285,-110.30784,,,,,,,,,,,,,,,,,,,,,,,,,,,,,
,,,Southern Arizona Infectious Disease Specialists,Provider,,,,,,,,5230 E Farness Dr, Tucson,85712,"5230 E Farness Dr,  Tucson, AZ 85712","N 32° 14' 50.6292"",W 110° 52' 50.9196""","32.247397,-110.880811",32.247397,-110.880811,,,,,,,,,,,,,,,,,,,,,,,,,,,,,
,Dignity,DH-STJ,St Joseph's Hospital and Medical Center,Hospital,Acute care ,Central,Phoenix,Maricopa,3072149,Catholic Healthcare West,,350 W Thomas Rd,Phoenix,85013,"350 W Thomas Rd, Phoenix, AZ 85013","N 33° 28' 41.4336"",W 112° 15' 26.7912""","33.480699, -112.079129",33.480699,-112.079129,"33°28'50.5""N 112°04'44.9""W",,,,,,,,,,,,,,,,,,,,,,,,,,,,
,Dignity,DH-SWG,St Joseph's Westgate Medical Center,Hospital,Acute care ,Central,Phoenix,Maricopa,3072149,Catholic Healthcare West,,7300 N 99th Ave,Glendale,85305,"7300 N 99th Ave, Glendale, AZ 85305","N 33° 31' 32.0016"",W 112° 6' 3.0312""","33.542040, -112.274673",33.54204,-112.274673,"33°32'31.3""N 112°16'28.8""W",,,,,,,,,,,,,,,,,,,,,,,,,,,,
,IASIS,IH-STL,St Luke's Medical Center,Hospital,Acute care ,Central,Phoenix,Maricopa,3072149,IASIS Healthcare,,1800 E Van Buren St,Phoenix,85006,"1800 E Van Buren St, Phoenix, AZ 85006","N 33° 27' 7.0308"",W 112° 1' 19.9884""","33.453455, -112.042518",33.453455,-112.042518,"33°27'12.4""N 112°02'33.1""W",,,,,,,,,,,,,,,,,,,,,,,,,,,,
,,,Summit Healthcare - Summit Healthcare Community Clinic,RHC,,,,,,,,2931 AZ-260, Heber-Overgaard,85928,"2931 AZ-260,  Heber-Overgaard, AZ 85928","N 34° 24' 46.3428"",W 110° 34' 8.904""","34.412873,-110.56914",34.412873,-110.56914,,,,,,,,,,,,,,,,,,,,,,,,,,,,,
,,,Summit Healthcare Regional Medical Center,Hospital,,,,,,,,2200 E Show Low Lake Rd, Show Low,85901,"2200 E Show Low Lake Rd,  Show Low, AZ 85901","N 34° 12' 7.0056"",W 110° 1' 8.9472""","34.201946,-110.019152",34.201946,-110.019152,,,,,,,,,,,,,,,,,,,,,,,,,,,,,
,,,Sun Life Family Health Center,FQHC,,,,,,,,2080 W Southern Ave,Apache Junction,85120,"2080 W Southern Ave, Apache Junction, AZ 85120","N 33° 23' 37.3668"",W 111° 34' 7.7808""","33.393713,-111.568828",33.393713,-111.568828,,,,,,,,,,,,,,,,,,,,,,,,,,,,,
,,,Sunset Community Health Center - San Luis,FQHC,,,,,,,,815 E. Juan Sánchez Blvd.,San Luis,85349,"815 E. Juan Sánchez Blvd., San Luis, AZ 85349","N 32° 29' 39.462"",W 114° 45' 13.1868""","32.494295,-114.753663",32.494295,-114.753663,,,,,,,,,,,,,,,,,,,,,,,,,,,,,
,,,Sunset Community Health Center - Somerton,FQHC,,,,,,,,115 N. Somerton Avenue,Somerton,85350,"115 N. Somerton Avenue, Somerton, AZ 85350","N 32° 35' 49.1424"",W 114° 42' 35.802""","32.596984,-114.709945",32.596984,-114.709945,,,,,,,,,,,,,,,,,,,,,,,,,,,,,
,,,Sunset Community Health Center - Wellton,FQHC,,,,,,,,10425 Williams Street,Wellton,85356,"10425 Williams Street, Wellton, AZ 85356","N 32° 40' 5.8008"",W 114° 8' 31.8588""","32.668278,-114.142183",32.668278,-114.142183,,,,,,,,,,,,,,,,,,,,,,,,,,,,,
,,,Sunset Community Health Center - Yuma,FQHC,,,,,,,,2060 W. 24th Street,Yuma,85364,"2060 W. 24th Street, Yuma, AZ 85364","N 32° 41' 4.0452"",W 114° 38' 40.3008""","32.684457,-114.644528",32.684457,-114.644528,,,,,,,,,,,,,,,,,,,,,,,,,,,,,
,,,Sunshine Pediatrics,Provider,,,,,,,,5040 N 15th Ave, Phoenix,85015,"5040 N 15th Ave,  Phoenix, AZ 85015","N 33° 30' 38.1636"",W 112° 5' 30.1128""","33.510601,-112.091698",33.510601,-112.091698,,,,,,,,,,,,,,,,,,,,,,,,,,,,,
,,,Superior Clinic (at Cobre Valley),RHC,,,,,,,,14 N Magma Ave, Superior,85173,"14 N Magma Ave,  Superior, AZ 85173","N 33° 17' 38.6772"",W 111° 5' 45.9744""","33.294077,-111.096104",33.294077,-111.096104,,,,,,,,,,,,,,,,,,,,,,,,,,,,,
,,,Surgical Specialty Hospital of Phoenix ,Hospital,,,,,,,,6501 N 19th Ave, Phoenix,85015,"6501 N 19th Ave,  Phoenix, AZ 85015","N 33° 31' 55.9092"",W 112° 5' 56.2992""","33.532197,-112.098972",33.532197,-112.098972,,,,,,,,,,,,,,,,,,,,,,,,,,,,,
,IASIS,IH-TSL,Tempe St Luke's Hospital,Hospital,Acute care ,Central,Mesa,Maricopa,3072149,IASIS Healthcare,,1500 S Mill Ave,Tempe,85281,"1500 S Mill Ave, Tempe, AZ 85281","N 33° 24' 40.8852"",W 111° 41' 9.0096""","33.412001, -111.941155",33.412001,-111.941155,"33°24'43.2""N 111°56'28.2""W",,,,,,,,,,,,,,,,,,,,,,,,,,,,
,,,Terros,Provider,,,,,,,,3003 N Central Ave #200, Phoenix,85012,"3003 N Central Ave #200,  Phoenix, AZ 85012","N 33° 28' 57.108"",W 112° 4' 23.6028""","33.48253,-112.073223",33.48253,-112.073223,,,,,,,,,,,,,,,,,,,,,,,,,,,,,
,Honor Health,HH-TPH,Thompson Peak Hospital ,Hospital,Acute care ,Central,Phoenix,Maricopa,3072149,Scottsdale Healthcare,,7400 E Thompson Peak Pkwy,Scottsdale,85255,"7400 E Thompson Peak Pkwy, Scottsdale, AZ 85255","N 33° 39' 56.6172"",W 112° 6' 57.9888""","33.670710, -111.922137",33.67071,-111.922137,"33°40'14.6""N 111°55'19.7""W",,,,,,,,,,,,,,,,,,,,,,,,,,,,
,,,Tuba City Regional Medical Center,Hospital,,,,,,,,167 Main St, Tuba City,86045,"167 Main St,  Tuba City, AZ 86045","N 36° 8' 10.5216"",W 111° 14' 23.1216""","36.136256,-111.239756",36.136256,-111.239756,,,,,,,,,,,,,,,,,,,,,,,,,,,,,
,,,Tucson Children's Clinics - MSIC,Provider,,,,,,,,2600 North Wyatt Drive,Tucson,85712,"2600 North Wyatt Drive, Tucson, AZ 85712","N 32° 15' 15.5772"",W 110° 52' 52.4928""","32.254327,-110.881248",32.254327,-110.881248,,,,,,,,,,,,,,,,,,,,,,,,,,,,,
,,,Tucson Medical Center,Hospital,,,,,,,,5301 E Grant Rd, Tucson,85712,"5301 E Grant Rd,  Tucson, AZ 85712","N 32° 15' 10.4508"",W 110° 52' 41.088""","32.252903,-110.87808",32.252903,-110.87808,,,,,,,,,,,,,,,,,,,,,,,,,,,,,
,,,"United Community Health Center, Inc. - Amado Clinic",FQHC,,,,,,,,28720 S Nogales Highway,Amado,85645,"28720 S Nogales Highway, Amado, AZ 85645","N 31° 43' 46.4772"",W 111° 3' 38.988""","31.729577,-111.06083",31.729577,-111.06083,,,,,,,,,,,,,,,,,,,,,,,,,,,,,
,,,"United Community Health Center, Inc. - Arivaca Clinic",FQHC,,,,,,,,17388 W. 3rd Street,Arivaca,85601,"17388 W. 3rd Street, Arivaca, AZ 85601","N 31° 34' 38.3196"",W 111° 20' 5.0532""","31.577311,-111.334737",31.577311,-111.334737,,,,,,,,,,,,,,,,,,,,,,,,,,,,,
,,,"United Community Health Center, Inc. - Coninental Family Medical Center - Women's Healthcare",FQHC,,,,,,,,1260 S. Campbell Road,Green Valley,85617,"1260 S. Campbell Road, Green Valley, AZ 85617","N 31° 51' 6.8904"",W 110° 58' 24.5532""","31.851914,-110.973487",31.851914,-110.973487,,,,,,,,,,,,,,,,,,,,,,,,,,,,,
,,,"United Community Health Center, Inc. - Continental Family Medical Center Acute Care Clinic",FQHC,,,,,,,,1260 S. Campbell Road,Green Valley,85616,"1260 S. Campbell Road, Green Valley, AZ 85616","N 31° 51' 6.8904"",W 110° 58' 24.5532""","31.851914,-110.973487",31.851914,-110.973487,,,,,,,,,,,,,,,,,,,,,,,,,,,,,
,,,"United Community Health Center, Inc. - Continental Pediatric Clinic",FQHC,,,,,,,,1260 S. Campbell Road,Green Valley,85615,"1260 S. Campbell Road, Green Valley, AZ 85615","N 31° 51' 6.8904"",W 110° 58' 24.5532""","31.851914,-110.973487",31.851914,-110.973487,,,,,,,,,,,,,,,,,,,,,,,,,,,,,
,,,"United Community Health Center, Inc. - Old Vail Middle School Campus",FQHC,,,,,,,,13299 E. Colossal Cave Road,Vail,85641,"13299 E. Colossal Cave Road, Vail, AZ 85641","N 32° 3' 0.1908"",W 110° 42' 39.8268""","32.050053,-110.711063",32.050053,-110.711063,,,,,,,,,,,,,,,,,,,,,,,,,,,,,
,,,"United Community Health Center, Inc. - Sahuarita Heights Clinic",FQHC,,,,,,,,2875 E. Sahuarita Road,Sahuarita,85629,"2875 E. Sahuarita Road, Sahuarita, AZ 85629","N 31° 57' 31.4532"",W 110° 55' 48.99""","31.958737,-110.930275",31.958737,-110.930275,,,,,,,,,,,,,,,,,,,,,,,,,,,,,
,,,"United Community Health Center, Inc. - Three Points Clinic",FQHC,,,,,,,,15921 W. Ajo Way,Tucson,85735,"15921 W. Ajo Way, Tucson, AZ 85735","N 32° 4' 41.5344"",W 111° 18' 26.856""","32.078204,-111.30746",32.078204,-111.30746,,,,,,,,,,,,,,,,,,,,,,,,,,,,,
,,,"United Community Health Center, Inc. - UCHC Clinic at Green Valley Hospital",FQHC,,,,,,,,4475 S I-19 Frontage Rd,Green Valley,85622,"4475 S I-19 Frontage Rd, Green Valley, AZ 85622","N 31° 48' 15.6816"",W 111° 0' 52.1208""","31.804356,-111.014478",31.804356,-111.014478,,,,,,,,,,,,,,,,,,,,,,,,,,,,,
,,,"United Community Health Center, Inc. - UCHC Dental Center in Green Valley",FQHC,,,,,,,,1260 S. Campbell Road,Green Valley,85618,"1260 S. Campbell Road, Green Valley, AZ 85618","N 31° 51' 6.8904"",W 110° 58' 24.5532""","31.851914,-110.973487",31.851914,-110.973487,,,,,,,,,,,,,,,,,,,,,,,,,,,,,
,,,"United Community Health Center, Inc. - UCHC Family Practice",FQHC,,,,,,,,1260 S. Campbell Road,Green Valley,85614,"1260 S. Campbell Road, Green Valley, AZ 85614","N 31° 51' 6.8904"",W 110° 58' 24.5532""","31.851914,-110.973487",31.851914,-110.973487,,,,,,,,,,,,,,,,,,,,,,,,,,,,,
,,,United Healthcare,Plan,,,,,,,,"1 E Washington Street, Suite 1700",Phoenix,85004,"1 E Washington Street, Suite 1700, Phoenix, AZ 85004","N 36° 55' 3.144"",W 111° 27' 50.0796""","33.447941,-112.073199",33.447941,-112.073199,"N 33° 26' 52.5876"",W 112° 4' 23.5164""",,,,,,,,,,,,,,,,,,,,,,,,,,,,
,,,Universal Care Management,Provider,,,,,,,,40 West Baseline Road,Tempe,85283,"40 West Baseline Road, Tempe, AZ 85283","N 33° 22' 42.9384"",W 111° 56' 25.2168""","33.378594,-111.940338",33.378594,-111.940338,,,,,,,,,,,,,,,,,,,,,,,,,,,,,
,,,University of Arizona Health Plans,Plan,,,,,,,,1200 E University Blvd.,Tucson,85721,"1200 E University Blvd., Tucson, AZ 85721","N 32° 13' 54.768"",W 110° 57' 14.0004""","32.23188,-110.953889",32.23188,-110.953889,,,,,,,,,,,,,,,,,,,,,,,,,,,,,
,,,Valley Anesthesiology & Pain Consultants (pilot program),Provider,,,,,,,,1850 N Central Ave #1600, Phoenix,85004,"1850 N Central Ave #1600,  Phoenix, AZ 85004","N 33° 28' 6.42"",W 112° 4' 29.6688""","33.46845,-112.074908",33.46845,-112.074908,,,,,,,,,,,,,,,,,,,,,,,,,,,,,
,,,Valley View Medical Center,Hospital,,,,,,,,5330 AZ-95, Fort Mohave,86426,"5330 AZ-95,  Fort Mohave, AZ 86426","N 35° 0' 9.8964"",W 114° 35' 46.5972""","35.002749,-114.596277",35.002749,-114.596277,,,,,,,,,,,,,,,,,,,,,,,,,,,,,
,,,Virginia G Piper (St. Vincent DePaul Clinics),Provider,,,,,,,,420 W. Watkins Rd.,Phoenix,85003,"420 W. Watkins Rd., Phoenix, AZ 85003","N 33° 25' 35.3892"",W 112° 4' 45.0264""","33.426497,-112.079174",33.426497,-112.079174,,,,,,,,,,,,,,,,,,,,,,,,,,,,,
,,,Wesley Community Center,FQHC,,,,,,,,1300 S 10th St, Phoenix,85034,"1300 S 10th St,  Phoenix, AZ 85034","N 33° 26' 4.9668"",W 112° 3' 36.036""","33.434713,-112.06001",33.434713,-112.06001,,,,,,,,,,,,,,,,,,,,,,,,,,,,,
,,,White Mountain Regional Medical Center,CAH,,,,,,,,118 S Mountain Ave, Springerville,85938,"118 S Mountain Ave,  Springerville, AZ 85938","N 34° 7' 49.4436"",W 109° 17' 15.3564""","34.130401,-109.287599",34.130401,-109.287599,,,,,,,,,,,,,,,,,,,,,,,,,,,,,
,,,Wickenburg Regional Hospital ,CAH,,,,,,,,520 Rose Ln, Wickenburg,85390,"520 Rose Ln,  Wickenburg, AZ 85390","N 33° 58' 42.2616"",W 112° 44' 23.0352""","33.978406,-112.739732",33.978406,-112.739732,,,,,,,,,,,,,,,,,,,,,,,,,,,,,
,,,Yavapai Regional Medical Center,Hospital,,,,,,,,1003 Willow Creek Rd, Prescott,86301,"1003 Willow Creek Rd,  Prescott, AZ 86301","N 34° 33' 34.632"",W 112° 28' 52.2768""","34.55962,-112.481188",34.55962,-112.481188,,,,,,,,,,,,,,,,,,,,,,,,,,,,,
,,,Yuma Children's Clinics - MSIC,Provider,,,,,,,,2600 North Wyatt Drive,Tucson,85712,"2600 North Wyatt Drive, Tucson, AZ 85712","N 32° 15' 15.5772"",W 110° 52' 52.4928""","32.254327,-110.881248",32.254327,-110.881248,,,,,,,,,,,,,,,,,,,,,,,,,,,,,
,,,Yuma Regional Medical Center,Hospital,,,,,,,,2400 S Avenue A, Yuma,85364,"2400 S Avenue A,  Yuma, AZ 85364","N 32° 40' 56.6364"",W 114° 38' 5.6976""","32.682399,-114.634916",32.682399,-114.634916,,,,,,,,,,,,,,,,,,,,,,,,,,,,,
